_id,about_me,age,creation_date,display_name,down_votes,id,last_access_date,location,profile_image_url,reputation,up_votes,views,website_url
614ca7906378ff93c07f345d,"<p>The same thing we do every night, Pinky. Try to take over the world!</p>

<p>Full-Stack Developer on <a href=""https://stackoverflow.com/enterprise"">Stack Overflow Enterprise</a>, working to make our little corner of the Internet better for all of us.</p>

<p>I also have <a href=""https://stum.de/"" rel=""nofollow noreferrer"">a blog</a> and a <a href=""https://twitter.com/mstum"" rel=""nofollow noreferrer"">Twitter</a>.</p>",null,2008-08-01T17:55:22.200Z,Michael Stum,55,91,2021-09-03T16:04:32.200Z,"Raleigh, NC, United States",null,169147,7245,13852,https://www.Stum.de
614ca7906378ff93c07f345e,"<p>I'm a developer who is filling out this profile just to get the 'filled out everything' badge.</p>

<p>=)</p>",null,2008-08-18T00:34:30.213Z,tsimon,19,1685,2021-09-03T03:32:25.873Z,"Canberra, Australia",null,8152,199,632,null
614ca7906378ff93c07f345f,"<p>I'm a PhD student at the <a href=""http://www.icss.soton.ac.uk"" rel=""nofollow"">Institute for Complex Systems Simulation</a> at the <a href=""http://www.soton.ac.uk"" rel=""nofollow"">University of Southampton</a>, UK studying complexity in Remote Sensing.</p>

<p>As part of my work I am heavily involved in Remote Sensing and GIS technologies - particularly ENVI/IDL programming and ArcGIS scripting using Python.</p>

<p>My <a href=""http://www.rtwilson.com/academic"" rel=""nofollow"">academic website</a> shows some examples of my work, and links to some of the <a href=""http://www.rtwilson.com/academic/software"" rel=""nofollow"">software I have written</a>.</p>",null,2008-08-19T14:07:17.170Z,robintw,9,1912,2021-08-27T15:30:04.127Z,"England, United Kingdom",null,24959,615,1250,http://www.rtwilson.com
614ca7906378ff93c07f3460,"<p>I know a little about a lot of things.
I like to dabble in C.<br>
At the moment, my main focus is on Illustrator and Photoshop.</p>",null,2008-08-19T16:13:37.850Z,Laura,0,1971,2012-03-06T01:09:37.393Z,"Yosemite National Park, CA",null,523,14,363,null
614ca7906378ff93c07f3461,A Software Engineer in NYC.,null,2008-09-03T02:34:07.627Z,Matthew Jaskula,0,4356,2021-06-22T19:09:08.570Z,"New York, NY",null,1206,44,190,http://matthewjaskula.com
614ca7906378ff93c07f3462,. . . . . . . . . . .,null,2008-09-09T21:19:29.553Z,Oskar,21,5472,2021-06-14T16:12:57.367Z,"London, United Kingdom",null,2194,436,254,http://google.co.uk
614ca7906378ff93c07f3463,null,null,2008-09-10T14:02:58.080Z,EightyOne Unite,6,5559,2021-08-27T12:26:40.447Z,United Kingdom,https://i.stack.imgur.com/In37c.png,11241,10108,1135,http://www.eightyoneunite.com
614ca7906378ff93c07f3464,null,null,2008-09-11T10:49:46.490Z,Kyle,0,5772,2018-07-11T19:47:05.713Z,United States,null,537,5,55,null
614ca7906378ff93c07f3465,null,null,2008-09-11T13:33:37.550Z,Andrew Jahn,0,5831,2011-10-13T15:31:18.230Z,null,null,647,45,124,null
614ca7906378ff93c07f3466,<p>Here I am</p>,null,2008-09-15T12:31:34.030Z,blaxter,0,6714,2021-09-03T11:19:51.187Z,"Zaragoza, Spain",null,335,19,56,http://bicosyes.com
614ca7906378ff93c07f3467,null,null,2008-09-15T12:49:49.057Z,user6915,0,6915,2008-12-05T16:48:57.640Z,null,null,441,0,20,null
614ca7906378ff93c07f3468,null,null,2008-09-15T14:18:54.380Z,Brad Richards,0,7732,2021-08-17T08:42:09.167Z,Switzerland,null,1153,6,110,null
614ca7906378ff93c07f3469,"<p>Not all those who wander are lost.</p>

<p><a href=""http://en.wikipedia.org/wiki/Shuhari"" rel=""nofollow noreferrer"">http://en.wikipedia.org/wiki/Shuhari</a></p>",null,2008-09-15T15:48:09.360Z,Zachary Yates,33,8360,2021-09-05T05:33:40.527Z,"Sterling, VA, USA",null,11812,4778,1206,null
614ca7906378ff93c07f346a,Programmer with little to no life to speak of.,null,2008-09-15T18:59:40.010Z,MikeL,0,9501,2010-02-08T16:45:41.457Z,United States,null,211,2,23,http://None.
614ca7906378ff93c07f346b,"<p>PHP, VBA, VBS, C#, HTML, Javascript, SQL</p>",null,2008-09-16T05:23:36.827Z,unrealtrip,3,11130,2021-02-02T00:41:18.333Z,California,null,650,135,211,http://secretreality.com
614ca7906378ff93c07f346c,"Web Consultant with over 10 years experience developing online applications using .Net, VB, C#, JS, HTML etc...",null,2008-09-16T14:09:39.323Z,Toby Mills,3,12377,2021-09-02T07:36:10.343Z,"Dubai, United Arab Emirates",null,986,184,187,http://www.tobymills.com/blog
614ca7906378ff93c07f346d,"I'm a web developer from Canada.
My favorite languages are JAVA, PHP, MYSQL JavaScript and CSS. 

I also enjoy frameworks such as Code Igniter and JQuery.",null,2008-09-16T14:45:22.937Z,dezwald,0,12564,2009-01-22T21:50:12.620Z,Canada,null,369,16,71,http://stackoverflow.com/users/12564/dezwald
614ca7906378ff93c07f346e,null,null,2008-09-16T18:31:08.370Z,Matthew Cole,9,13348,2021-03-15T19:26:38.797Z,"Madison, WI",https://i.stack.imgur.com/i2cEN.png,1299,163,187,null
614ca7906378ff93c07f346f,null,null,2008-09-16T20:56:32.217Z,user13810,0,13810,2008-10-16T19:22:24.340Z,null,null,108,23,16,null
614ca7906378ff93c07f3470,"<p>Owner, NacreData L.L.C. </p>

<p>unix sys admin, iOS and web application programmer, manager of development projects</p>",null,2008-09-17T03:50:49.553Z,Devin Ceartas,14,14897,2020-02-27T04:59:59.980Z,"Chapel Hill, NC",null,4591,87,467,http://www.nacredata.com
614ca7906378ff93c07f3471,null,null,2008-09-17T14:00:29.010Z,Kociub,0,16003,2015-04-12T11:03:05.807Z,null,null,51,15,43,null
614ca7906378ff93c07f3472,"<p>I'm a senior software engineer at Practice Fusion.
<br><br>
Want to hire me? Check out my StackOverflow Careers CV</p>",null,2008-09-18T14:06:39.203Z,Ryan Michela,2,17715,2020-07-16T20:30:11.127Z,United States,null,7834,85,559,http://www.ryanmichela.com
614ca7906378ff93c07f3473,null,null,2008-09-18T22:11:29.617Z,florin,19,18308,2021-01-05T04:46:27.713Z,Minnesota,null,13260,177,661,http://iucha.net/~florin/bit_on_the_bus/
614ca7906378ff93c07f3474,Coder,null,2008-09-19T14:51:37.270Z,Michiel,0,18922,2009-03-17T14:09:28.870Z,Netherlands,null,352,12,49,http://pseudonumerology.dev-hell.com
614ca7906378ff93c07f3475,"<p>I am a software engineer currently working at Doctor On Demand.</p>
<ul>
<li><a href=""https://gitlab.com/chadgh"" rel=""nofollow noreferrer"">GitLab profile</a></li>
<li><a href=""https://github.com/chadgh"" rel=""nofollow noreferrer"">GitHub profile</a></li>
</ul>",null,2008-09-19T15:45:55.797Z,chadgh,1,18992,2021-09-03T14:15:30.393Z,United States,https://i.stack.imgur.com/1BimY.jpg?s=128&g=1,7635,56,259,https://chadgh.com/resume
614ca7906378ff93c07f3476,"PhD Candidate, Developer",null,2008-09-19T19:43:51.717Z,Bill Zeller,0,19234,2010-06-19T20:09:07.280Z,"Princeton, NJ",null,1296,4,393,http://www.from.bz
614ca7906378ff93c07f3477,null,null,2008-09-19T20:15:20.737Z,SeaDrive,0,19267,2013-08-07T14:12:31.377Z,Connecticut,null,3742,7,332,null
614ca7906378ff93c07f3478,"<p>Writing about programmer's health and fitness issues at <a href=""http://adamnuttall.co.uk"" rel=""nofollow"">http://adamnuttall.co.uk</a></p>

<p>Web developer based in Manchester, England.</p>",null,2008-09-20T14:33:44.167Z,Adam Nuttall,2,19640,2019-09-10T09:14:07.583Z,"Manchester, United Kingdom",null,477,55,108,http://adamnuttall.co.uk
614ca7906378ff93c07f3479,null,null,2008-09-20T17:45:10.340Z,indiv,1192,19719,2019-08-20T20:34:42.747Z,"Mesa, AZ, United States",https://www.gravatar.com/avatar/3355303796cad8b9ea85993abc9030aa?s=128&d=identicon&r=PG&f=1,16050,3251,1606,null
614ca7906378ff93c07f347a,null,null,2008-09-23T04:01:31.993Z,Jibba,1,20885,2021-05-24T15:29:02.967Z,null,null,426,334,69,null
614ca7906378ff93c07f347b,Computer Programmer turned Lawyer.,null,2008-09-24T15:12:14.853Z,sethbc,1,21722,2021-08-05T04:25:59.213Z,"New York, NY",null,3057,130,80,http://sethbc.org
614ca7906378ff93c07f347c,null,null,2008-09-25T15:40:21.703Z,Martin Probst,23,22227,2021-09-01T15:20:17.447Z,"San Francisco, CA",null,8977,222,828,http://probst.io
614ca7906378ff93c07f347d,null,null,2008-09-29T15:32:37.983Z,Srinivas,0,23487,2021-08-26T08:44:02.593Z,"London,UK",null,1303,42,217,null
614ca7906378ff93c07f347e,null,null,2008-09-30T08:12:29.967Z,Carl Björknäs,0,23708,2021-09-02T12:54:17.583Z,null,null,553,123,45,null
614ca7906378ff93c07f347f,"<p>Senior software engineer at Intel, Santa Clara</p>",null,2008-10-03T17:20:17.200Z,hendrixski,3,24920,2019-07-31T20:46:11.690Z,"San Francisco, CA",null,1114,57,182,null
614ca7906378ff93c07f3480,null,null,2008-10-06T20:28:33.137Z,user25623,0,25623,2009-10-06T20:42:49.083Z,null,null,235,15,50,null
614ca7906378ff93c07f3481,"<p>Martijn works as a senior advisor at InnoValor B.V. in the Netherlands and is mostly interested in [Java], [Android], [security].</p>",null,2008-10-12T10:31:58.037Z,martijno,16,27190,2021-09-01T15:03:02.667Z,Netherlands,null,1705,951,394,http://martijno.blogspot.com
614ca7906378ff93c07f3482,Good C++ and COM Developer,null,2008-10-16T16:27:08.003Z,Vinay,3,28641,2011-03-23T17:20:46.813Z,"Bangalore, India",null,4683,388,4707,http://geocities.com/vinayakumaratv
614ca7906378ff93c07f3483,"<p>Just some guy, y'know? I write code for Industrial Light &amp; Magic.</p>

<p>I'm writing a book on Objective-C. Or rather, I was. Thanks to Apple, I'm now writing a book on Swift. You can check it out <a href=""http://mpd.im/wrox-swift"" rel=""nofollow"">here</a>.</p>

<hr>

<p>Oh, I also wrote a <a href=""http://mpd.im/stackim"" rel=""nofollow"">URL shortener for Stack Overflow profiles</a>. Feel free to use it if you want!</p>",null,2008-10-17T03:04:38.717Z,mipadi,335,28804,2021-09-02T05:03:24.640Z,"San Francisco, CA",null,365122,2727,14058,http://monkey-robot.com
614ca7906378ff93c07f3484,"<h2>Product owner at PSWinCom</h2>

<p>PSWinCom is a provider of SMS services to businesses and organizations, mainly in Norway and Western Europe, with almost 20 years of experience.</p>

<h3>PSWinCom SMS Gateway</h3>

<p><a href=""http://www.pswin.com/produkter/gateway"" rel=""nofollow"">Product page</a><br/>
<a href=""https://github.com/pswincom"" rel=""nofollow"">Source code samples on Github</a><br/>
<br></p>

<h3>PSWinCom Intouch</h3>

<p><a href=""http://www.pswin.com/produkter/intouch"" rel=""nofollow"">Web based software for sending and receiving SMS</a><br/>
<a href=""http://www.pswin.com/brukseksempel/smsvarsling"" rel=""nofollow"">PSWinCom SMS Alerts</a><br/>
<a href=""http://www.pswin.com/brukseksempel/mobildialog"" rel=""nofollow"">PSWinCom Mobile Dialogue</a>
</p></p>

<h3>Personal blog mostly about geeky tech stuff :)</h3>

<p>Url: <a href=""https://www.vasbotten.net"" rel=""nofollow"">https://www.vasbotten.net</a>
</p>",null,2008-10-19T15:00:41.203Z,Bjørn Otto Vasbotten,6,29397,2021-05-16T11:51:45.037Z,Norway,null,1613,391,377,http://www.vasbotten.no
614ca7906378ff93c07f3485,"<p>I’m an experienced multi-lingual full-stack development lead, comfortable building client-side single-page apps or backend APIs and services. </p>

<p>Equal parts engineering manager, mentor, and software craftsman, I’m keenly aware of the critical tension between quick and good enough versus resilient and flexible. I value working with teams built on communication and trust, rapid learning, and getting things done. Great software comes from great teams. The hardest part of software development is teamwork and cross-functional communication, not writing code. I embrace agile development principles, recognizing that it’s critical to release early and frequently to maximize learning and validate our assumptions.</p>",null,2008-10-23T03:43:42.317Z,Gabe Hollombe,6,30632,2021-02-08T03:07:39.300Z,Singapore,null,7409,158,566,http://avantbard.com/
614ca7906378ff93c07f3486,"<p><img src=""https://t2.gstatic.com/images?q=tbn:gu4GWknskShdcM:http://www.tigtail.org/TIG/L_View/TVM/B/NAmerican/b.%20post%20WW%20II/albers-josef/T/albers_homage_to_the_square_blue_climate.1976.jpg"" /></p>

<p>.Net software developer with web focus.</p>",null,2008-10-23T18:07:08.937Z,dove,41,30913,2021-09-03T12:18:21.603Z,Ireland,null,19817,5177,1820,https://www.clissmann.net
614ca7906378ff93c07f3487,null,null,2008-10-25T22:15:50.723Z,Kevin McBrearty,0,31510,2019-06-26T21:11:46.060Z,null,https://i.stack.imgur.com/QAcm0.jpg,265,1,80,null
614ca7906378ff93c07f3488,null,null,2008-10-26T16:40:25.937Z,evo,0,31604,2012-10-19T01:09:54.840Z,China,null,313,3,53,http://damienh.org
614ca7906378ff93c07f3489,null,null,2008-10-29T18:16:50.360Z,Gezim,10,32495,2021-09-02T00:47:28.357Z,null,https://i.stack.imgur.com/K20mc.jpg,6246,1978,631,null
614ca7906378ff93c07f348a,null,null,2008-10-30T14:38:47.570Z,luiscubal,13,32775,2021-09-02T16:11:29.390Z,Portugal,null,23769,1356,1139,http://luiscubal.blogspot.com
614ca7906378ff93c07f348b,null,null,2008-10-30T16:10:12.987Z,jcs,0,32817,2009-05-18T09:49:40.650Z,United Kingdom,null,333,0,37,http://icculus.org/~jcspray/
614ca7906378ff93c07f348c,null,null,2008-11-03T16:39:58.693Z,Amy,0,33702,2015-08-19T20:18:26.893Z,"Toronto, Canada",null,159,1,37,null
614ca7906378ff93c07f348d,Programmer by night.,null,2008-11-04T09:07:57.857Z,Hemant Kumar,2,33997,2018-06-28T20:25:38.543Z,Indiana,null,1958,31,167,http://gnufied.org
614ca7906378ff93c07f348e,null,null,2008-11-08T17:36:28.093Z,Rob Paulsen,0,35783,2014-05-28T10:12:34.903Z,"Toronto, Canada",null,431,2,19,http://robdevblog.blogspot.com/
614ca7906378ff93c07f348f,Programmer by hobby,null,2008-11-10T20:10:35.380Z,strider1551,0,36312,2009-02-13T19:23:47.080Z,Ohio,null,703,1,24,http://requies.homelinux.com/
614ca7906378ff93c07f3490,"Born in Murcia, Spain. Come and see my web!",null,2008-11-17T13:59:12.903Z,Saiyine,3,38238,2021-06-09T18:32:03.367Z,Spain,null,1577,15,172,http://www.saiyine.com
614ca7906378ff93c07f3491,"<p>have discovered that knowldge is to know what you know and where to look for what you don't But now everyone is knowledgeable, for they look for SO</p>",null,2008-11-25T09:53:46.017Z,shabby,2,40570,2021-08-13T09:41:53.553Z,null,null,2396,186,313,https://stackoverflow.com/users/40570/shabby
614ca7906378ff93c07f3492,null,null,2008-11-25T11:58:29.197Z,ivans,2,40595,2021-09-03T14:50:13.303Z,null,null,405,185,84,null
614ca7906378ff93c07f3493,null,null,2008-11-26T04:32:34.277Z,arcanecode,0,40912,2016-10-23T18:18:01.243Z,null,null,94,0,17,null
614ca7906378ff93c07f3494,null,null,2008-09-15T00:00:00.000Z,tkokoszka,3,42201,2021-01-21T23:02:46.047Z,"Zürich, Switzerland",null,10267,51,356,http://sites.google.com/site/tkokoszka
614ca7906378ff93c07f3495,null,null,2008-12-04T16:33:38.487Z,Matthieu,0,43277,2009-06-22T16:19:58.717Z,null,null,205,0,47,null
614ca7906378ff93c07f3496,null,null,2008-12-05T09:11:40.220Z,Miral,20,43534,2021-09-03T10:05:07.833Z,New Zealand,null,11835,448,1110,http://lambert.geek.nz/
614ca7906378ff93c07f3497,null,null,2008-12-07T13:28:29.887Z,subjective-c,0,44091,2015-02-24T20:34:25.700Z,null,https://www.gravatar.com/avatar/58e17d01af02552657dfcf97a2ce0696?s=128&d=identicon&r=PG&f=1,1793,19,389,null
614ca7906378ff93c07f3498,null,null,2008-12-13T11:53:50.563Z,sebastiangeiger,14,45959,2017-09-09T22:20:36.403Z,"Karlsruhe, Germany",null,3176,509,292,null
614ca7906378ff93c07f3499,"<p>Avid motorcyclist, eager scuba diver and most of the time - fulfilled programmer. Creating and improving backend for online gaming system is like a game on its own. And I'm winning in this game.</p>",null,2008-12-15T09:40:52.853Z,Abgan,4,46308,2021-09-03T09:27:42.473Z,"Poland, Warsaw",null,3500,435,736,https://mindhive.eu
614ca7906378ff93c07f349a,null,null,2008-12-18T15:52:25.473Z,Bill Lynch,1165,47453,2021-09-05T03:35:43.250Z,"Santa Cruz, CA, USA",null,73976,4711,3666,http://www.lynch.us
614ca7906378ff93c07f349b,".NET developer, blogger, digital photographer",null,2008-12-19T01:12:08.357Z,jerbersoft,1,47610,2021-07-24T12:20:46.773Z,Philippines,null,4044,369,447,http://www.msforums.ph/blogs/jerbersoft
614ca7906378ff93c07f349c,"<p>I am a developer with experience in technologies like: C, C++, PHP, JavaScript, MySQL, AWS, Linux.</p>

<p>I wonder about 42 and tweet at <a href=""http://twitter.com/sabya"" rel=""nofollow noreferrer"">@sabya</a>.</p>",null,2008-12-23T12:19:06.647Z,Sabya,2,48625,2021-09-04T16:29:17.187Z,"Bangalore, India",null,10374,236,678,http://medium.com/@sabya
614ca7906378ff93c07f349d,null,null,2008-12-07T13:46:37.587Z,Emad Alashi,1,48870,2020-10-16T13:02:00.033Z,Melbourne - Australia,null,473,62,242,http://www.emadashi.com
614ca7906378ff93c07f349e,null,null,2008-12-27T17:19:41.950Z,Simon Ferguson,0,49385,2013-11-25T23:36:10.817Z,"Spring, TX",null,81,9,26,http://www.eps-software.com
614ca7906378ff93c07f349f,null,null,2008-12-29T17:23:26.823Z,Luke Rinard,0,49901,2011-03-09T22:41:43.607Z,null,null,313,2,55,null
614ca7906378ff93c07f34a0,<p>Currently developing in Ruby on Rails. Also have done projects in PHP and Perl.</p>,null,2009-01-02T15:15:10.110Z,Dan McNevin,2,50924,2021-08-22T17:28:23.650Z,"Los Angeles, CA",null,22038,223,1052,http://corrupt.net
614ca7906378ff93c07f34a1,<p>code chimp</p>,null,2009-01-06T01:17:39.737Z,nedlud,1,51882,2021-07-10T10:07:17.283Z,"Melbourne, Australia",null,1778,327,178,http://www.8bitproductions.com.au/
614ca7906378ff93c07f34a2,null,null,2009-01-07T23:44:22.997Z,Nick McCowin,0,52683,2020-03-16T20:27:29.823Z,"San Diego, CA",null,439,36,111,null
614ca7906378ff93c07f34a3,null,null,2009-01-12T15:32:05.807Z,gtsiolis,0,54211,2021-09-01T09:07:43.553Z,null,https://www.gravatar.com/avatar/90d57fd409a7bd75189f00179f3ca44b?s=128&d=identicon&r=PG&f=1,136,10,57,null
614ca7906378ff93c07f34a4,"<p>I'm a Computer Science researcher. My field used to be Computer Supported Cooperative Work (CSCW), where I focussed on (at different times) technology for supporting small groups of close collaborators, supporting mixed-presence collaboration, and social structure in online game communities. I now build epidemiological simulation models of Atlantic Salmon farms, investigating resistance to treatment in sea lice.</p>

<p>I'm most familiar with programming in C#, Python, and Java. I have built groupware of various types, including on the desktop, on interactive tables, and web based. I have analysed large datasets. I have built predictive simulation models.</p>",null,2009-01-23T01:15:03.490Z,cursa,1,58124,2021-04-26T16:22:20.040Z,"Charlottetown, Canada",null,1177,29,91,null
614ca7906378ff93c07f34a5,null,null,2009-01-23T15:40:08.347Z,elbicho,0,58328,2021-07-16T08:19:55.177Z,null,null,365,38,42,null
614ca7906378ff93c07f34a6,null,null,2009-01-27T11:12:50.027Z,wishi,32,59300,2020-06-03T17:30:03.697Z,null,null,6488,461,410,null
614ca7906378ff93c07f34a7,null,null,2009-01-27T17:34:51.067Z,mpobrien,6,59438,2021-09-02T18:28:26.533Z,null,null,4812,108,273,null
614ca7906378ff93c07f34a8,"<p>Most people know me as the founder and former CTO of <a href=""http://www.lijit.com"" rel=""nofollow"">Lijit</a>, a very cool startup in Boulder based on <a href=""http://getoutfoxed.com/"" rel=""nofollow"">Outfoxed</a>, my master’s thesis about online trust. (Lijit was recently acquired by Federated Media.) I studied Cognitive Science at the University of Osnabrück, Germany. My business partner Todd Vernon (former CTO of Raindance Communications) and I incorporated the company in June 2006.</p>

<p>Before Lijit, I worked at RootMarkets in New York. At that time I also developed the AttentionTrust.org Attention Recorder.</p>

<p>After Lijit, I was a founding member of <a href=""http://wordnik.com"" rel=""nofollow"">Wordnik.com</a>, the best online dictionary. </p>

<p>I’ve been working on the web in some form or another since 1996 (gasp!) when I created the first browser-based massively multiplayer games, UltraCorps and Evernight. While working at VR-1. They were purchased by Microsoft and AOL, respectively. Before that I created some of the first casual games on the web, as part of the MegaBot comic strip.</p>",null,2009-01-28T20:21:59.980Z,Stan James,9,59913,2021-08-30T19:51:30.517Z,null,null,2316,706,395,http://wanderingstan.com/
614ca7906378ff93c07f34a9,"<p><strong>Operating Systems</strong>:</p>

<ul>
<li>Linux (RHEL, Ubuntu)</li>
<li>Windows 95 - 10</li>
<li>Mac OSX</li>
</ul>

<p><strong>Tools</strong>:</p>

<ul>
<li>Apache Server, Tomcat, JBoss, ESB, GIT, SVN, SQL Developer, Maven, Ant, Gradle</li>
<li>Jenkins, Confluence, JIRA, BitBucket, Docker, Gherkin & Cucumber, ActiveMQ, ZeroMQ</li>
</ul>

<p><strong>Web Languages</strong>:</p>

<ul>
<li>HTML(5), JSP & JSTL, CSS(3), XML, JavaScript, AJAX, JQuery</li>
</ul>

<p><strong>Programming Languages</strong>:</p>

<ul>
<li>Java/J2EE, PL/SQL, SQL</li>
</ul>

<p><strong>APIs and Libraries</strong>:</p>

<ul>
<li>JPA, Apache POI, JSoup, Google Gson, Liquibase, ElasticSearch, Logstash, Log4j, Apache Commons</li>
<li>Apache Shiro, Apache Tika, Apache HTTPClient, RESTEasy, Swagger, Apache Camel</li>
</ul>

<p><strong>Frameworks</strong>:</p>

<ul>
<li>J2EE, Spring MVC, Hibernate, Spring, Spring JPA, Spring Data, Spring Boot, JOOQ, Swing</li>
</ul>

<p><strong>Databases</strong>:</p>

<ul>
<li>Oracle, PostgreSQL, MS SQL Server</li>
</ul>

<p><strong>Other</strong>:</p>

<ul>
<li>Agile, Scrum, Kanban, MS Project, MS Office Suite</li>
</ul>",null,2009-02-11T18:57:36.477Z,Ascalonian,71,65230,2021-09-04T23:19:41.713Z,"Liverpool, NY, USA",https://i.stack.imgur.com/PMj3B.jpg?s=128&g=1,13237,2513,1308,https://linkedin.com/in/mikeyjudd
614ca7906378ff93c07f34aa,Gameplay Programmer,null,2009-02-13T10:54:15.963Z,Nathan Ross Powell,4,66003,2021-08-30T15:56:01.967Z,United Kingdom,null,482,169,211,null
614ca7906378ff93c07f34ab,null,null,2009-02-13T15:52:59.053Z,jnt30,5,66125,2021-09-02T02:54:11.513Z,"Chicago, IL",null,1377,339,296,null
614ca7906378ff93c07f34ac,null,null,2009-02-15T16:21:26.400Z,hamid reza,1,66657,2021-09-04T08:21:21.433Z,"Tehran, Iran",null,376,227,71,http://www.gozir.com
614ca7906378ff93c07f34ad,"<p>Alex is the director of digital marketing for Manitobah Mukluks, where he helps the luxury winter boot manufacturer accelerate growth profitably via digital marketing. Alex has over 20 years experience in software development, e-commerce, and digital marketing.</p>
<p>Previously, Alex was the technical co-founder of BOATERexam.com and Fresh Air Educators, inc, two successful eLearning startups that were sold to a private equity firm in 2017.</p>",null,2009-02-16T15:36:44.190Z,Alex Czarto,15,67006,2021-09-03T19:50:05.713Z,"Ottawa, Canada",null,3031,2068,618,https://business.czarto.com/
614ca7906378ff93c07f34ae,null,null,2009-02-17T09:46:56.613Z,Klaw,0,67283,2019-06-19T06:20:02.120Z,null,null,6709,154,148,null
614ca7906378ff93c07f34af,null,null,2009-02-18T20:26:47.033Z,gaqzi,1,68035,2021-08-20T06:31:10.153Z,Singapore,null,3417,100,186,http://sanitarium.se/
614ca7906378ff93c07f34b0,One line about me.,null,2009-02-21T16:07:31.643Z,Alexandr,0,69341,2020-06-08T18:53:04.527Z,"Moscow, Russia",null,381,12,199,null
614ca7906378ff93c07f34b1,null,null,2009-02-25T19:51:00.917Z,Eric,3,71020,2014-12-09T22:15:37.247Z,null,null,1969,21,151,http://precisionsoftware.us
614ca7906378ff93c07f34b2,null,null,2009-02-26T17:47:38.693Z,user71498,0,71498,2009-03-24T12:33:09.980Z,null,null,53,1,49,null
614ca7906378ff93c07f34b3,"I make a 3D editor called ""Topaz 3D""",null,2009-03-04T19:40:03.943Z,Jimmy J,31,73869,2010-08-14T12:12:34.230Z,Spain,null,1903,26,398,http://www.topaz3d.com/
614ca7906378ff93c07f34b4,null,null,2009-03-07T04:51:11.387Z,belgariontheking,165,74977,2021-05-10T19:48:34.953Z,"Cincinnati, Ohio, United States",null,1375,193,976,null
614ca7906378ff93c07f34b5,null,null,2009-03-08T10:32:39.530Z,Salar,0,75235,2017-07-01T06:51:01.603Z,null,null,477,5,78,null
614ca7906378ff93c07f34b6,null,null,2009-03-10T21:19:44.260Z,Stefan,5,76371,2017-11-17T13:52:59.950Z,null,null,28114,239,1212,null
614ca7906378ff93c07f34b7,null,null,2009-03-12T10:28:58.083Z,Milan,0,77138,2009-06-17T17:01:52.237Z,null,null,259,0,22,null
614ca7906378ff93c07f34b8,null,null,2009-03-15T05:06:54.773Z,user78208,0,78208,2009-03-15T05:06:54.773Z,null,null,81,0,15,null
614ca7906378ff93c07f34b9,null,null,2009-03-16T03:22:24.283Z,Talesh,0,78427,2015-08-21T11:55:55.963Z,"Toronto, Canada",null,550,7,80,http://seeparsan.net
614ca7906378ff93c07f34ba,null,null,2009-03-18T22:50:48.180Z,user79762,0,79762,2009-08-04T17:03:46.807Z,null,null,45,1,26,null
614ca7906378ff93c07f34bb,"<p>Passionate web and mobile developer.</p>

<p><a href=""http://www.stefanfilip.com"" rel=""nofollow"">http://www.stefanfilip.com</a></p>",null,2009-03-19T09:37:09.450Z,Stefan Filip,3,79948,2021-09-04T08:23:56.483Z,"Timisoara, Romania",null,1751,257,181,http://stefanfilip.com
614ca7906378ff93c07f34bc,null,null,2009-03-19T12:02:34.640Z,edwach,0,79997,2012-08-21T00:35:55.330Z,Australia,null,46,0,62,null
614ca7906378ff93c07f34bd,null,null,2009-03-25T09:09:57.697Z,baton,0,82458,2020-09-24T14:34:23.510Z,"St. Petersburg, St. Peterburg Russia",null,297,30,38,http://baton.livejournal.com
614ca7906378ff93c07f34be,null,null,2009-03-26T11:06:58.623Z,Barry Ceelen,0,83057,2021-09-03T11:57:51.393Z,"Berlin, Germany",null,46,3,171,http://multipop.org
614ca7906378ff93c07f34bf,null,null,2009-03-27T02:02:39.143Z,simon_d,1,83432,2021-09-03T02:34:29.540Z,Australia,null,479,97,55,null
614ca7906378ff93c07f34c0,null,null,2009-03-31T20:04:25.717Z,Jens Luedicke,7,85322,2021-05-07T08:04:30.013Z,"Munich, Germany",null,954,66,153,null
614ca7906378ff93c07f34c1,<p>I enjoy solving problems.</p>,null,2009-04-03T08:54:22.973Z,Eric Dahlvang,23,86646,2021-09-03T22:58:44.283Z,"Redmond, WA, United States",https://i.stack.imgur.com/z9iB2.jpg?s=128&g=1,8037,1409,1196,null
614ca7906378ff93c07f34c2,"<p>Big data-ing the human genome at The Institute for Genomic Medicine - Nationwide Children's Hospital.</p>",null,2009-04-03T12:33:16.850Z,Grant Lammi,0,86708,2021-09-03T16:15:05.107Z,"Lewis Center, OH, United States",null,1194,84,83,null
614ca7906378ff93c07f34c3,null,null,2009-04-09T01:21:33.590Z,Vicki Laidler,0,88879,2020-06-02T20:24:23.287Z,null,https://www.gravatar.com/avatar/ddbc95c979e0455da9c88c31305f1e85?s=128&d=identicon&r=PG&f=1,3135,8,250,null
614ca7906378ff93c07f34c4,"<p><strong>Languages</strong></p>

<ul>
<li>Ruby on Rails</li>
<li>PHP (CodeIgniter)</li>
<li>ReactJS</li>
<li>Firebase</li>
<li>MySQL</li>
<li>HTML / CSS</li>
<li>Java</li>
<li>JavaScript (jQuery)</li>
<li>Typescript</li>
<li>Python (+ Flask)</li>
<li><p>MQTT</p></li>
<li><p>SourcePawn (SourceMod)</p></li>
<li>Pawn (AMX Mod X)</li>
</ul>",null,2009-04-12T12:21:19.023Z,shrmn,6,89969,2021-04-25T13:24:31.673Z,Singapore,null,1059,200,228,https://shrmn.com/
614ca7906378ff93c07f34c5,Sysadmin/Programmer/network admin,null,2009-04-14T16:37:21.557Z,trent,0,90748,2019-03-31T17:50:54.383Z,Utah,null,310,23,79,http://none
614ca7906378ff93c07f34c6,"<p>I write code for embedded systems (C, various assembly languages) and mobile (iOS for the past 5 years, Android for the past 6 months)</p>",null,2009-04-21T16:36:32.153Z,K2Digital,0,93894,2021-08-01T19:42:29.310Z,"Elgin, IL",https://i.stack.imgur.com/QVftk.jpg?s=128&g=1,611,34,156,http://www.k2digitalentertainment.com
614ca7906378ff93c07f34c7,null,null,2009-04-23T12:09:11.280Z,Steve Dignan,1,94931,2021-09-01T17:32:37.603Z,"Milton, Ontario, Canada",null,7602,636,976,http://www.linkedin.com/pub/steve-dignan/33/272/871
614ca7906378ff93c07f34c8,null,null,2009-04-24T09:38:17.427Z,mhd,0,95388,2010-08-19T15:36:00.690Z,null,null,94,4,58,null
614ca7906378ff93c07f34c9,null,null,2009-04-28T19:10:08.890Z,Alex,0,97301,2018-03-20T22:49:44.903Z,null,https://www.gravatar.com/avatar/f74cafb80228772d2a92f57dac4f2ce0?s=128&d=identicon&r=PG&f=1,73,0,41,null
614ca7906378ff93c07f34ca,<p>Hobbyist coder now using a few skills to automate our business admin. :-)</p>,null,2009-04-29T17:49:34.957Z,MrGreggles,2,97855,2021-09-03T21:37:15.853Z,"Auckland, New Zealand",https://i.stack.imgur.com/yqRgA.jpg,5719,55,281,null
614ca7906378ff93c07f34cb,null,null,2009-04-30T07:37:08.027Z,NULL,0,98324,2010-08-18T08:00:46.337Z,United States,null,109,0,74,null
614ca7906378ff93c07f34cc,null,null,2009-04-30T13:18:00.937Z,gliljas,20,98544,2021-09-01T14:52:55.763Z,Sweden,null,714,106,61,null
614ca7906378ff93c07f34cd,null,null,2009-05-01T02:25:03.650Z,ShabbyDoo,12,99107,2021-08-20T05:23:05.100Z,"Cleveland, OH",null,1216,68,321,null
614ca7906378ff93c07f34ce,null,null,2009-05-01T15:38:42.727Z,dewtell,2,99419,2021-09-01T21:05:59.800Z,California,https://www.gravatar.com/avatar/9ac2b984bece0e656f533fbbfab6ae98?s=128&d=identicon&r=PG&f=1,1352,52,194,null
614ca7906378ff93c07f34cf,<p>Founder &amp; Lead Instructor @ CodeCore</p>,null,2009-05-02T00:59:25.657Z,Tam,2,99694,2016-05-08T06:50:22.650Z,"Vancouver, Canada",https://www.gravatar.com/avatar/a50dc54f6dacdbf5dd77cba0b6070738?s=128&d=identicon&r=PG&f=1,11500,245,610,http://www.codecore.ca
614ca7906378ff93c07f34d0,JEJE!,null,2009-05-05T09:57:34.980Z,jeje1983,0,101446,2009-08-24T08:53:59.603Z,Norway,null,115,9,39,http://jeje.no
614ca7906378ff93c07f34d1,null,null,2009-05-05T19:35:18.413Z,Micah Smith,0,101796,2013-07-15T19:22:07.000Z,null,null,301,11,33,http://www.micahdsmith.com
614ca7906378ff93c07f34d2,"<p>I am the Development Manager at <a href=""http://www.dmgradio.com.au"" rel=""nofollow"">dmg radio</a> in Sydney. We have several large media-heavy sites.</p>

<p>I'm also horribly terrible at writing or talking about <a href=""http://about.me/cbiggins"" rel=""nofollow"">myself</a>.</p>",null,2009-05-07T03:28:50.683Z,Christian,26,102616,2021-08-26T05:57:19.397Z,"Sydney, Australia",null,3672,728,459,http://about.me/cbiggins
614ca7906378ff93c07f34d3,null,null,2009-05-11T14:10:21.840Z,Steve,7,104815,2017-09-13T14:44:01.403Z,"New York, NY",null,5534,1578,390,http://twitter.com/menevets
614ca7906378ff93c07f34d4,null,null,2009-05-11T19:49:29.050Z,Kirby,4,104993,2021-09-03T19:01:00.077Z,"Baltimore, MD",null,1898,385,352,https://ryankirby.me
614ca7906378ff93c07f34d5,<p>CIO on Interweb Media Ltda.</p>,null,2009-05-12T05:54:13.277Z,John Prado,4,105166,2021-09-03T22:17:21.190Z,"Belo Horizonte, Brazil",null,770,230,90,http://mobilecursos.com.br
614ca7906378ff93c07f34d6,null,null,2009-05-12T07:35:45.327Z,aeflash,0,105208,2012-08-20T21:20:44.177Z,null,null,39,31,40,null
614ca7906378ff93c07f34d7,null,null,2009-05-14T12:05:49.543Z,MyKey_,4,107013,2021-08-31T21:10:02.567Z,null,https://i.stack.imgur.com/zmDoF.jpg?s=128&g=1,697,94,119,http://about.me/mykey_
614ca7906378ff93c07f34d8,"<p>I am a self taught programmer hailing from the late 90's back in the days when a couple of gifs on a web page made a really good website, especially if it was animated gifs :-)</p>

<p>I do a lot of work creating API's   that are so Agile, any query endpoint can use any storage type that is best suited to that endpoint and the data itself.</p>

<p>I also do a lot of work in javascript and AMD.   I develop on a mac with a windows VM for doing the asp.net MVC API work.   I use  RavenDb, DocumentDb, TableStorage and SQL server.</p>

<p><a href=""https://www.linkedin.com/pub/david-parker/13/b21/541"" rel=""nofollow"">https://www.linkedin.com/pub/david-parker/13/b21/541</a></p>

<h1>SOreadytohelp</h1>",null,2009-05-19T08:56:17.420Z,davethecoder,63,109251,2020-05-01T12:52:50.863Z,"Leeds, United Kingdom",null,3706,91,614,http://www.davethecoder.com
614ca7906378ff93c07f34d9,null,null,2009-05-22T15:23:35.633Z,kasey,0,111147,2013-08-01T12:50:32.553Z,null,null,433,192,73,null
614ca7906378ff93c07f34da,null,null,2009-05-25T02:33:50.123Z,haxney,5,111910,2018-05-26T02:17:09.253Z,null,null,3078,207,256,http://www.haxney.org
614ca7906378ff93c07f34db,null,null,2009-05-27T19:45:23.653Z,Grnbeagle,0,113376,2018-11-14T17:19:42.443Z,"New York, NY",https://www.gravatar.com/avatar/39aa94451d92b304f1661c0dcfe7f2fe?s=128&d=identicon&r=PG&f=1,1746,62,124,null
614ca7906378ff93c07f34dc,Simple,null,2009-05-28T12:25:51.000Z,rest_day,4,113713,2021-09-03T15:23:48.243Z,"Kerala, India",null,886,297,122,http://uber-niche.blogspot.com
614ca7906378ff93c07f34dd,null,null,2009-06-01T17:20:23.833Z,John Slavick,1,115555,2021-09-04T15:27:56.127Z,"McKinney, TX, United States",null,9275,1411,427,http://johnslavick.com
614ca7906378ff93c07f34de,null,null,2009-06-04T04:51:49.720Z,dkaranovich,20,117065,2021-09-01T22:54:25.733Z,null,https://www.gravatar.com/avatar/ec9bc350b4393304880dfb006d7540a5?s=128&d=identicon&r=PG&f=1,688,634,53,null
614ca7906378ff93c07f34df,"<p><a href=""http://twitter.com/MikeGrace"" rel=""nofollow noreferrer"">@MikeGrace</a> Programming, web, photography, family, cycling. ; )</p>",null,2009-06-04T05:01:04.950Z,Mike Grace,27,117068,2021-08-17T19:15:12.900Z,"Puyallup, WA, United States",null,15637,1542,817,http://geek.michaelgrace.org/
614ca7906378ff93c07f34e0,null,null,2009-06-08T04:10:37.217Z,Chris,0,119014,2021-08-29T12:30:46.690Z,Ireland,null,53,11,113,null
614ca7906378ff93c07f34e1,I am a featherless biped.,null,2009-06-10T05:54:27.390Z,teapot7,6,120321,2020-02-27T00:34:34.750Z,"Melbourne, Australia",null,703,43,45,http://covertrek.com
614ca7906378ff93c07f34e2,null,null,2009-06-10T08:16:25.013Z,schmeedy,0,120387,2012-05-19T14:45:35.433Z,Czech Republic,null,316,7,29,http://schmeedy.com
614ca7906378ff93c07f34e3,null,null,2009-06-14T17:08:45.720Z,Michael van der Westhuizen,1,122780,2020-08-26T11:24:53.030Z,"Cape Town, South Africa",null,774,170,533,null
614ca7906378ff93c07f34e4,null,null,2009-06-15T04:00:47.847Z,kishore,0,122913,2009-10-22T10:08:23.800Z,null,null,167,0,71,null
614ca7906378ff93c07f34e5,null,null,2009-06-16T00:08:22.913Z,PF1,0,123441,2020-12-27T19:01:45.190Z,null,https://www.gravatar.com/avatar/cf267e5929c46fb144657e2c9b7d87f9?s=128&d=identicon&r=PG&f=1,4541,37,614,null
614ca7906378ff93c07f34e6,"I'm a software developer for a defense contractor.  I work primarily on virtualization projects.  Although, I use mostly C and C++ I am a big java and Groovy enthusiast.",null,2009-06-17T05:50:52.707Z,ssteidl,0,124103,2010-04-05T15:25:29.697Z,Arizona,null,297,9,28,null
614ca7906378ff93c07f34e7,<p>Working as an Educational Technologist in an independent school in NYC.</p>,null,2009-06-17T12:50:33.500Z,Regis Zaleman,1,124307,2021-07-13T13:35:00.750Z,null,null,2814,54,162,http://www.regiszaleman.com
614ca7906378ff93c07f34e8,null,null,2009-06-17T15:48:03.873Z,Craig Boland,0,124448,2021-08-06T21:38:54.813Z,"Arlington, TX",null,874,24,58,null
614ca7906378ff93c07f34e9,null,null,2009-06-17T18:13:46.207Z,Naveen,0,124549,2019-06-06T07:21:36.840Z,null,null,87,18,31,null
614ca7906378ff93c07f34ea,null,null,2009-06-17T22:08:18.457Z,Daniel,4,124704,2021-08-26T08:30:22.473Z,null,null,1655,44,274,null
614ca7906378ff93c07f34eb,"<p>Hey there. <br/>
<br/>
I'm in love with programming. My Projects are available at <a href=""https://github.com/anvaka"" rel=""nofollow"">github</a>. Yasiv is the one which I'm most proud of. It has multiple branches, including:</p>

<p><a href=""http://www.yasiv.com/#/Search?q=algorithms&amp;category=Books&amp;lang=US"" rel=""nofollow"">Amazon visualization</a>, <a href=""http://www.yasiv.com/facebook"" rel=""nofollow"">Facebook visualization</a>, and <a href=""http://www.yasiv.com/npm#view/browserify"" rel=""nofollow"">npm visualization</a>.</p>

<p>Feel free to drop me a line on my gmail mailbox. It's named ""anvaka"" :).<br/>
<br/>
Cheers!</p>",null,2009-06-18T19:43:51.380Z,Anvaka,1,125351,2021-05-08T14:40:03.770Z,Seattle,null,15088,125,1834,http://www.yasiv.com/amazon#/Search?q=algorithms&category=Books&lang=US
614ca7906378ff93c07f34ec,null,null,2009-06-22T18:19:35.673Z,user127111,0,127111,2009-06-22T18:19:35.673Z,null,null,341,0,18,null
614ca7906378ff93c07f34ed,null,null,2009-06-22T19:31:57.903Z,niuchu,0,127147,2020-07-24T12:52:50.760Z,null,null,75,9,39,null
614ca7906378ff93c07f34ee,"C++, C#, Objective-C Programmer",null,2009-06-24T19:34:28.900Z,Gary,0,128433,2021-08-22T03:34:27.673Z,New Jersey,null,1515,112,153,http://developers-notebook.blogspot.com/
614ca7906378ff93c07f34ef,null,null,2009-06-27T15:57:18.810Z,Krevin,0,129852,2009-08-29T18:54:18.083Z,Texas,null,275,11,50,null
614ca7906378ff93c07f34f0,null,null,2009-06-30T04:07:59.883Z,Lumpy Oatmeal,0,130820,2010-07-29T21:17:46.637Z,null,null,186,2,25,null
614ca7906378ff93c07f34f1,null,null,2009-07-03T13:42:14.407Z,Lurkeroid,0,132818,2014-10-13T16:09:49.190Z,"Dublin, Ireland",null,603,17,28,null
614ca7906378ff93c07f34f2,null,null,2009-07-06T10:21:38.580Z,cocoatoucher,3,133617,2012-12-28T13:01:43.747Z,null,null,1463,14,170,null
614ca7906378ff93c07f34f3,null,null,2009-07-07T16:58:08.873Z,mthorley,5,134392,2021-07-31T02:33:11.537Z,Utah,null,2422,17,43,null
614ca7906378ff93c07f34f4,null,null,2009-07-09T03:27:53.427Z,dorianj,0,135395,2010-07-05T18:33:56.553Z,null,null,66,11,14,http://cord.sf.net
614ca7906378ff93c07f34f5,null,null,2009-07-10T11:27:12.550Z,AProgrammer,357,136208,2021-09-02T06:53:26.407Z,null,null,48570,1115,3090,null
614ca7906378ff93c07f34f6,"<p><a href=""http://www.google.com/about/careers/teams/engineering/swe/"" rel=""nofollow noreferrer"">Software Engineer</a> at <a href=""http://www.google.com/about/"" rel=""nofollow noreferrer"">Google</a> on <a href=""https://cloud.google.com/"" rel=""nofollow noreferrer"">Google Cloud</a> with a masters in Computer Engineering from <a href=""http://www.wustl.edu"" rel=""nofollow noreferrer"">Washington University in St. Louis</a>. For more about me and for my other social media profies, check out  <a href=""http://www.michaelsafyan.com/"" rel=""nofollow noreferrer"">my personal website</a>.</p>",null,2009-07-10T21:31:19.600Z,Michael Aaron Safyan,324,136540,2021-07-09T07:15:40.757Z,"Pittsburgh, PA, United States",null,88568,2943,9543,http://www.michaelsafyan.com/
614ca7906378ff93c07f34f7,null,null,2009-07-12T09:27:18.057Z,Michael Westbom,0,136976,2021-08-05T15:31:43.210Z,"Montpelier, VT, United States",null,359,11,38,http://github.com/totallymike
614ca7906378ff93c07f34f8,null,null,2009-07-13T04:44:31.927Z,Argo,0,137195,2012-07-27T15:55:56.160Z,null,null,201,0,41,null
614ca7906378ff93c07f34f9,null,null,2009-07-14T18:13:21.653Z,Rudesyle,0,138247,2021-08-04T15:56:17.747Z,"Shippenville, PA, United States",null,103,4,18,null
614ca7906378ff93c07f34fa,null,null,2009-07-14T20:54:24.527Z,jmaresca,0,138322,2018-05-14T15:02:51.547Z,null,null,61,0,19,null
614ca7906378ff93c07f34fb,null,null,2009-07-17T07:10:56.973Z,Jordan Brock,0,139977,2021-09-02T08:09:25.833Z,"Perth, Australia",null,141,88,42,http://jordanbrock.com
614ca7906378ff93c07f34fc,null,null,2008-09-25T12:09:03.630Z,victorz,0,140995,2020-04-11T10:49:47.123Z,Israel,null,2059,4,74,null
614ca7906378ff93c07f34fd,Enjoy both Software and Electrical engineering.  Enjoy focusing on Algorithm Optimization.,null,2009-07-21T01:48:47.850Z,Eric Pi,2,141742,2021-09-02T15:41:45.270Z,New Jersey,null,1794,257,81,http://www.pisymbol.com
614ca7906378ff93c07f34fe,<p>You are what you leave behind </p>,null,2009-07-24T14:05:02.457Z,koldovsky,0,144538,2021-09-02T08:21:46.690Z,null,null,315,2,42,http://koldovsky.com
614ca7906378ff93c07f34ff,null,null,2009-07-28T19:48:58.060Z,Stephen,0,146652,2018-04-27T14:10:16.420Z,"San Diego, CA",null,327,12,71,null
614ca7906378ff93c07f3500,null,null,2009-07-29T20:10:21.947Z,Nosrama,10,147386,2011-03-18T00:42:58.840Z,Missouri,null,13662,161,278,null
614ca7906378ff93c07f3501,null,null,2009-07-31T06:30:02.893Z,Edward An,0,148303,2009-08-19T16:47:57.927Z,null,null,1687,0,174,null
614ca7906378ff93c07f3502,null,null,2009-07-31T18:40:04.957Z,Mark Buckley,0,148654,2020-02-26T18:39:29.873Z,null,null,247,21,42,http://www.swiftriverphotos.com
614ca7906378ff93c07f3503,null,null,2009-08-07T16:49:58.907Z,Max A.,44,152619,2021-08-15T15:02:11.573Z,null,null,4670,398,344,null
614ca7906378ff93c07f3504,null,null,2009-08-08T01:05:29.893Z,JanX2,5,152827,2021-09-03T10:15:38.030Z,null,null,1273,16,119,null
614ca7906378ff93c07f3505,<p>.net developer/architect</p>,null,2009-08-12T10:55:53.740Z,Karsten Strøbæk,0,154991,2017-12-28T15:03:32.293Z,"Copenhagen, Denmark",null,603,5,107,http://blog.strobaek.org
614ca7906378ff93c07f3506,null,null,2009-08-14T18:05:07.090Z,Jeremy Carlson,1,156645,2021-07-28T18:15:39.477Z,null,null,1025,305,62,null
614ca7906378ff93c07f3507,"<p>Primarily focusing on .<code>NET</code> technologies, like  <code>C#</code>, <code>WPF</code>. But never stop to learn/read something new. </p>

<p>I love:</p>

<ul>
<li>Design software</li>
<li>Optimize software</li>
<li>Study new stuff</li>
<li>Meet new people and opinions.</li>
</ul>

<p>Personal projects: </p>

<p>Online3D (3D models view and sharing platform) <a href=""http://online3d.apphb.com"" rel=""nofollow"">http://online3d.apphb.com</a>
 SvnRadar (Subversion repository sniffer) <a href=""http://code.google.com/p/svnradar/"" rel=""nofollow"">http://code.google.com/p/svnradar/</a>
 qsortp   (Quicksort implementation with OpenMP) <a href=""https://github.com/tigranmt/qsortp"" rel=""nofollow"">https://github.com/tigranmt/qsortp</a></p>",null,2009-08-14T19:50:19.500Z,Tigran,28,156695,2021-09-03T20:37:03.637Z,"Boston (MA), USA",null,59739,2480,4006,null
614ca7906378ff93c07f3508,null,null,2009-08-17T08:30:40.387Z,Josua Pedersen,1,157611,2017-02-28T12:39:11.207Z,"London, England, United Kingdom",null,600,48,72,http://phantom.land
614ca7906378ff93c07f3509,"iPhone developer, virtualization advocate, systems architect, entrepreneur.",null,2009-08-17T19:57:54.367Z,John Franklin,3,157986,2021-09-03T13:47:48.480Z,"Sterling, VA",null,4892,271,179,http://www.sentaidigital.com/
614ca7906378ff93c07f350a,"<p>Autodidactic. I'd like to consider myself a generalist: I'm generally good at generally everything, but generally, I'm not 100% on anything. A jack of all trades can be master of none. I'd settle for one, but WHICH one?</p>",null,2009-08-19T19:48:31.590Z,lod3n,3,159559,2021-04-23T15:28:28.977Z,Washington,https://i.stack.imgur.com/COtPZ.jpg,2853,71,241,http://aaronanderson.org
614ca7906378ff93c07f350b,null,null,2009-08-19T19:54:30.033Z,eksith,0,159561,2011-09-07T00:35:28.053Z,"New York, NY",null,156,43,28,http://eksith.wordpress.com
614ca7906378ff93c07f350c,This is where the magic happens.,null,2009-08-20T09:57:14.127Z,Bart Janson,17,159921,2021-09-02T12:11:49.080Z,"Rijswijk, Netherlands",null,224,478,60,http://www.qurius.com/
614ca7906378ff93c07f350d,null,null,2009-08-21T07:41:29.753Z,chiesa,0,160615,2013-01-07T08:52:57.527Z,"Shanghai, China",null,186,13,13,null
614ca7906378ff93c07f350e,null,null,2009-08-23T20:12:55.613Z,Dean Edwards,0,161691,2010-08-28T19:44:40.227Z,"London, United Kingdom",null,1016,16,295,http://dean.edwards.name/
614ca7906378ff93c07f350f,"<p>A software architect with over 15 years experience building and managing software projects using a diverse set of technologies using best practices techniques and methodologies to achieve high quality, highly extensible and highly resilient software products and services.</p>",null,2009-08-23T21:29:50.310Z,nadersoliman,7,161718,2021-01-30T21:13:13.373Z,"Berlin, Germany",null,425,178,37,null
614ca7906378ff93c07f3510,"<p>.NET, AngularJS, jQuery and so on developer. Does a lot of project management. Works with international teams, manages outsourcing. Loves music, philosophy, collaboration, ecological thinking, Asia, and most of all his wife.</p>",null,2009-08-27T10:25:45.647Z,Olaf,10,164113,2021-09-01T16:04:24.003Z,"Berlin, Germany",null,9551,2235,495,http://www.raecke-schreiber.de
614ca7906378ff93c07f3511,null,null,2009-08-27T15:28:56.430Z,empo,0,164297,2020-10-26T15:47:41.490Z,"Bristol, United Kingdom",null,1055,105,121,null
614ca7906378ff93c07f3512,null,null,2009-08-28T09:29:54.900Z,Major Major,8,164747,2015-06-19T10:31:52.857Z,null,null,8686,210,106,null
614ca7906378ff93c07f3513,<p>I am currently really digging golang.</p>,null,2009-09-02T12:42:48.820Z,Slabgorb,11,167233,2021-08-05T14:28:25.783Z,"New York, United States",null,716,316,65,http://slabgorb.tumblr.com
614ca7906378ff93c07f3514,null,null,2009-05-29T21:11:12.407Z,Cory Imdieke,13,167686,2021-09-05T00:03:30.827Z,null,null,13000,324,252,null
614ca7906378ff93c07f3515,Enjoy programing,null,2009-09-04T12:40:38.070Z,DucDigital,14,168501,2021-08-15T11:30:06.553Z,Vietnam,null,4420,205,629,http://ducdigital.com
614ca7906378ff93c07f3516,"<p>I'm a systems software engineer specializing in frameworks-level code (previously at Apple). I've gotten to design and contribute to some cornerstone Apple technologies on the Foundation framework.</p>",null,2009-02-01T06:03:25.403Z,Itai Ferber,80,169394,2021-09-05T00:39:43.517Z,United States,null,22611,879,1562,http://itaiferber.net/
614ca7906378ff93c07f3517,null,null,2009-09-11T05:17:32.433Z,Mohgeroth,5,171860,2020-02-07T18:37:12.313Z,Connecticut,null,1597,330,173,null
614ca7906378ff93c07f3518,"<p>A C#, MVC, SQL, Web and Windows developer with over 17 years experience in the software development industry with extensive experience in architecture, design and development of secure, high-performance applications, including e-commerce applications, with a variety of standards based technologies.</p>

<p>Have worked as a consultant for years directly with high level managers and executives of various companies. I’ve learned their vision and direction, and to analyzed business needs to make recommendations for custom development solutions and integration with existing systems.</p>

<p>Have worked with high capacity production databases with up to 500 million rows. Have worked primarily SQL Server, but I have also worked with Oracle and MySQL. Have performance tuned databases, using replication, de-normalization (as well as indices) and other methods to give high-speed access to large data sets.</p>

<p>Have several years of experience using Microsoft Azure PaaS and IaaS cloud solutions, including writing applications that run on multiple servers and handle requests for transactional operations while maintaining data integrity with optimistic and pessimistic concurrency.</p>",null,2009-09-11T18:11:13.847Z,Micah B.,3,172207,2021-09-03T16:22:03.483Z,East TN,https://i.stack.imgur.com/2msnR.png?s=128&g=1,958,834,187,http://stackoverflow.com/users/172207/micah-burnett
614ca7906378ff93c07f3519,null,null,2009-09-17T04:06:26.387Z,Benjamin Fox,1,174735,2021-09-02T04:53:00.650Z,New Zealand,null,5114,18,87,null
614ca7906378ff93c07f351a,null,null,2009-09-18T13:47:09.990Z,Conor,1,175546,2021-09-04T12:04:18.937Z,null,null,716,16,45,null
614ca7906378ff93c07f351b,null,null,2009-09-24T02:06:52.970Z,Clayton Rabenda,9,178197,2021-08-27T10:28:09.293Z,null,null,5204,27,207,http://claytonrabenda.com
614ca7906378ff93c07f351c,"<p>Project Manager, Business Analyst, and Developer in a wide array of business applications. Experience managing development projects and CRM system implementations from inception through closure. </p>

<p>I specialize in iOS, SalesLogix, Microsoft CRM, .NET, SQL Server, and IT Project Management.</p>",null,2009-09-24T19:19:41.923Z,Chad,0,178669,2014-10-29T21:42:25.660Z,"Des Moines, IA",null,491,3,48,http://www.sincerasolutions.com
614ca7906378ff93c07f351d,null,null,2009-09-26T16:58:14.410Z,grundoon,0,179522,2011-02-02T20:22:14.723Z,null,null,225,0,15,null
614ca7906378ff93c07f351e,"<p>Senior Developer. Expertize in Java, C++, C#, JMS, Web Services.</p>",null,2009-09-30T16:32:22.697Z,Guy,3,181970,2015-07-06T12:22:03.200Z,null,null,875,15,101,null
614ca7906378ff93c07f351f,"<p>By day, I write code for the Marketing industry and by night, I'm a trial-and-error programmer for my own humour.</p>

<p>I keep a web-log <a href=""http://zacthetechie.blogspot.com"" rel=""nofollow"">here</a> or you can visit my website at <a href=""http://www.zachiew.com"" rel=""nofollow"">www.zachiew.com</a></p>",null,2009-10-01T02:52:38.767Z,Zac,0,182230,2013-08-08T15:45:31.727Z,"Melbourne, Australia",null,107,8,31,http://www.zachiew.com
614ca7906378ff93c07f3520,".NET and Java Software Developer.
<br><br>
Sites:
<ul><li><a href=""http://www.hutteman.com/weblog/"" rel=""nofollow"">Public Virtual Memorystream (my blog)</a></li>
<li><a href=""http://www.sharpreader.net"" rel=""nofollow"">SharpReader</a></li>
<li><a href=""http://twitter.com/lukehutteman"" rel=""nofollow"">Twitter updates</a></li></ul>",null,2009-10-02T20:13:55.793Z,Luke Hutteman,3,183328,2020-02-09T22:59:05.770Z,"Charlotte, NC",null,1821,90,186,http://www.hutteman.com/weblog/
614ca7906378ff93c07f3521,null,null,2009-10-04T11:49:55.450Z,Udi,5,183912,2021-08-26T15:10:09.693Z,Israel,https://i.stack.imgur.com/dSBeG.jpg?s=128&g=1,990,98,149,null
614ca7906378ff93c07f3522,null,null,2009-10-09T16:17:53.153Z,user187291,99,187291,2012-02-01T10:31:33.337Z,null,null,51255,572,2072,null
614ca7906378ff93c07f3523,"<p>Hi, I am <a href=""https://henvic.github.io/"" rel=""nofollow noreferrer"">Henrique Vicente</a>, a Software Engineer.</p>",null,2009-10-15T18:34:35.283Z,Henrique Vicente,2,190805,2021-08-26T00:36:11.093Z,"Recife, Brazil",null,225,44,46,https://henvic.github.io/
614ca7906378ff93c07f3524,null,null,2009-10-15T19:15:14.713Z,FrontierPsycho,0,190833,2021-06-19T10:02:40.020Z,null,null,743,95,118,null